{"is_source_file": true, "format": "Python", "description": "A FastAPI application setup for a simple backend API with CORS middleware and a health check endpoint.", "external_files": ["fastapi", "fastapi.middleware.cors"], "external_methods": ["FastAPI()", "CORSMiddleware", "app.add_middleware", "@app.get"], "published": ["app"], "classes": [], "methods": [{"name": "health_check()", "description": "A GET endpoint '/' that returns a health status message.", "scope": "", "scopeKind": ""}], "calls": ["FastAPI()", "CORSMiddleware", "app.add_middleware", "app.get"], "search-terms": ["FastAPI", "health check", "CORS", "backend API", "middleware setup"], "state": 2, "file_id": 3, "knowledge_revision": 8, "git_revision": "f4345bde82b470ebca32d50833990a2644d77373", "ctags": [{"_type": "tag", "name": "app", "path": "/home/kavia/workspace/code-generation/simple-task-manager-313362-313372/todo_backend/src/api/main.py", "pattern": "/^app = FastAPI()$/", "language": "Python", "kind": "variable"}, {"_type": "tag", "name": "health_check", "path": "/home/kavia/workspace/code-generation/simple-task-manager-313362-313372/todo_backend/src/api/main.py", "pattern": "/^def health_check():$/", "language": "Python", "kind": "function", "signature": "()"}], "hash": "58352bf5f133908bab16643199aa483d", "format-version": 4, "code-base-name": "todo_backend", "filename": "todo_backend/src/api/main.py", "fields": [{"name": "app = FastAPI()", "scope": "", "scopeKind": "", "description": "unavailable"}], "revision_history": [{"8": "f4345bde82b470ebca32d50833990a2644d77373"}]}